Performance Measure,Mean,Standard Deviation
Recall LEFT,1.0,0.0
F1 UP,1.0,0.0
Recall DOWN,0.9980159,0.0019841194
F1 DOWN,0.999006,9.940267E-4
F1 RIGHT,0.999006,9.940267E-4
F1 LEFT,0.9980159,0.0019841194
Precision UP,1.0,0.0
Classification Accuracy,0.999,9.999871E-4
Precision DOWN,1.0,0.0
Global F1,0.999007,9.930134E-4
Recall RIGHT,0.9980159,0.0019841194
Precision RIGHT,1.0,0.0
Precision LEFT,0.99604744,0.003952563
Recall UP,1.0,0.0
