Performance Measure,Cycle0,Cycle1
Classification_Accuracy,0.999,0.999
Recall_1.0,1.0,1.0
Recall_2.0,0.996,0.996
Recall_3.0,1.0,1.0
Recall_4.0,1.0,1.0
Precision_2.0,1.0,1.0
Precision_1.0,1.0,1.0
Precision_4.0,0.99601597,0.99601597
Precision_3.0,1.0,1.0
F1_1.0,1.0,1.0
F1_3.0,1.0,1.0
F1_2.0,0.997996,0.997996
F1_4.0,0.99800396,0.99800396
Global_F1,0.99899995,0.99899995
