Performance Measure,Cycle0,Cycle1
Classification_Accuracy,0.44,0.457
Recall_1.0,0.42857143,0.0
Recall_2.0,0.07334963,0.881549
Recall_3.0,0.8117359,0.038288288
Recall_4.0,0.42857143,0.9137931
Precision_2.0,0.53571427,0.5085414
Precision_1.0,0.2516129,0.0
Precision_4.0,0.2516129,0.2488263
Precision_3.0,0.5236593,0.65384614
F1_1.0,0.31707317,0.0
F1_3.0,0.6366251,0.07234042
F1_2.0,0.12903225,0.645
F1_4.0,0.31707317,0.39114392
Global_F1,0.3499509,0.27712107
